firstName,lastName,email,product,area,postalCode,longtitude,latitude,event,description,date
Joseph,Bullock,Joseph.Bullock@gmail.com,Figs,Milos,848 00,36.74535559207423,24.429736203229236,Flooding,The bright slave instructs pattypan.,2023-05-19
Whitney,James,Whitney.James@gmail.com,Parsley,Kithira,802 00,36.25034526875598,22.999656640918072,Pruning,The wooden nestmate scratches handmaiden.,2022-01-20
Stephanie,Brown,Stephanie.Brown@gmail.com,Apples,Agios Nikolaos,721 00,35.191061174269656,25.714531201542446,Drought,The nervous havoc invents buffet.,2021-12-25
Matthew,Koch,Matthew.Koch@gmail.com,Beets,Corfu,491 00,39.62044087432396,19.879267794625388,Flooding,The fabulous mocha freezes view.,2022-05-07
Jack,Quinn,Jack.Quinn@gmail.com,Chestnuts,Grevena,511 00,40.10771007295979,21.41382920188915,Freeze,The uppity devil pays cushion.,2023-11-14
Lauren,Walters,Lauren.Walters@gmail.com,Onions,Kastoria,521 00,40.54406711129824,21.2549827978987,Pruning,The forgetful butane models lawyer.,2022-11-23
Natalie,Sanchez,Natalie.Sanchez@gmail.com,Beets,Spetses,180 50,37.26277249360422,23.13038748006553,Rain,The uneven polyester vanishes nun.,2021-12-23
Thomas,Cruz,Thomas.Cruz@gmail.com,Pomegranates,Zante,291 00,37.79754261942515,20.86994792628817,Flooding,The dysfunctional cranky arbitrates equal.,2021-03-09
Susan,Jackson,Susan.Jackson@gmail.com,Peanuts,Tegea,220 12,37.45503319463273,22.4193562340771,Damaging winds,The accurate fighter forms elite.,2023-04-07
Austin,Kelly,Austin.Kelly@gmail.com,Garlics,Larisa,415 00,39.63017613682956,22.444708945998894,Other,The permissible workplace phones compassionate.,2021-02-20
Nicholas,Smith,Nicholas.Smith@gmail.com,Peppers,Alonissos,370 05,39.219162156609116,23.91303205594277,Bacterium,The big amount locks contrail.,2022-05-07
Evan,Reyes,Evan.Reyes@gmail.com,Peppers,Ikaria,833 00,37.58961068473517,26.147039270550426,Flooding,The thundering orient dusts pennant.,2023-10-16
Christopher,Sullivan,Christopher.Sullivan@gmail.com,Chestnuts,Samos,831 00,37.76005902152866,26.909739987900434,Drought,The ad hoc ripple measures shadow.,2023-03-27
Andrew,Moore,Andrew.Moore@gmail.com,Kiwi fruits,Kamari,220 12,37.440022774340186,22.41081439076418,Other,The fat arcade proves clip.,2023-09-26
Stacey,Thomas,Stacey.Thomas@gmail.com,Cabbages,Simi,856 00,36.616320076923415,27.834090209833906,Other,The hard display chews nylon.,2021-11-25
Shelby,Johnson,Shelby.Johnson@gmail.com,Lemons,Skiros,340 07,38.83311758903011,24.59914281992848,Pruning,The sleepy robotics specifies latex.,2022-12-10
Courtney,Fleming,Courtney.Fleming@gmail.com,Onions,Poros,180 20,37.50563954527482,23.457248030860107,Drought,The slimy dolor annoys disconnection.,2022-01-03
Paul,Jones,Paul.Jones@gmail.com,Peaches,Thira,847 00,36.42184435682835,25.431268915395393,Damaging winds,The gusty flow achieves activity.,2021-02-23
Jeffery,Harris,Jeffery.Harris@gmail.com,Mandarins,Livadia,321 00,38.42934169801353,22.884387271023957,Rain,The cloistered continuity undertakes garden.,2021-02-08
Scott,Tyler,Scott.Tyler@gmail.com,Spinach,Thira,847 00,36.42184435682835,25.431268915395393,Bacterium,The itchy lion slays hospitality.,2021-01-12
Jacob,Thompson,Jacob.Thompson@gmail.com,Avocados,Skiathos,370 02,39.16371332685482,23.461523468690146,Pruning,The combative leisure screws campanile.,2021-11-28
Kyle,Vang,Kyle.Vang@gmail.com,Watermellons,Rethymno,741 00,35.3658426772746,24.48799049430181,Other,The incandescent contract heals polarisation.,2022-11-13
Thomas,Bernard,Thomas.Bernard@gmail.com,Onions,Zeugolatio,200 01,37.938205,22.800683,Damaging winds,The barbarous bloomer designs clapboard.,2021-12-26
Jon,Martinez,Jon.Martinez@gmail.com,Celery,Chalkida,341 00,38.46475723010327,23.60427024952527,Other,The stingy kangaroo binds brassiere.,2022-06-07
Jose,Duncan,Jose.Duncan@gmail.com,Brocollis,Rhodes,851 00,36.44842836419851,28.22227939163934,Sprinkling,The fierce pounding details nothing.,2023-02-02
Todd,Travis,Todd.Travis@gmail.com,Cherries,Ikaria,833 00,37.58961068473517,26.147039270550426,Freeze,The hilarious thistle interrupts alien.,2022-10-09
Jose,Archer,Jose.Archer@gmail.com,Lettuces,Paros,844 00,37.098360653854776,25.17269264462871,Damaging winds,The small voyage lays auction.,2022-01-31
Robert,Edwards,Robert.Edwards@gmail.com,Other,Kozani,501 00,40.296161660497546,21.8600334922047,Pruning,The capricious paramecium causes disregard.,2023-06-04
Andrew,Mcbride,Andrew.Mcbride@gmail.com,Walnuts,Ioannina,455 00,39.74777373240581,20.883865354024113,Other,The deadpan wraparound worries housing.,2021-10-05
Kevin,Dixon,Kevin.Dixon@gmail.com,Lettuces,Kithnos,840 06,37.38078501853939,24.425423947653055,Other,The addicted diaphragm sucks whirlwind.,2021-05-07
Andrea,Brown,Andrea.Brown@gmail.com,Prunes,Skiathos,370 02,39.16371332685482,23.461523468690146,Sprinkling,The futuristic boat radiates stopsign.,2023-11-24
Charles,Jackson,Charles.Jackson@gmail.com,Chestnuts,Kithnos,840 06,37.38078501853939,24.425423947653055,Other,The gullible sport reports duffel.,2023-06-16
Frederick,Potter,Frederick.Potter@gmail.com,Pears,Mesologgi,302 00,38.41408948213663,21.420321259568848,Disease,The prickly jazz coughs cinema.,2023-07-09
Jillian,Phillips,Jillian.Phillips@gmail.com,Peanuts,Lamia,351 00,38.89854435830873,22.421828692123736,Sprinkling,The available lad floats alpha.,2023-08-16
Peter,Moore,Peter.Moore@gmail.com,Hazelnuts,Simi,856 00,36.616320076923415,27.834090209833906,Pruning,The nonstop pace dislikes watchmaker.,2022-08-04
Dominic,Green,Dominic.Green@gmail.com,Chestnuts,Lemnos,814 00,39.92695956874981,25.23030416586388,Pruning,The makeshift hurdle amuses rabbit.,2021-03-02
Jose,Cruz,Jose.Cruz@gmail.com,Okras,Kasos,858 00,35.414022617414936,26.928894255224673,Disease,The filthy pseudoscience strips derivative.,2021-12-02
Nathan,Davis,Nathan.Davis@gmail.com,Spinach,Serres,621 00,41.094585347155025,23.49206903427869,Sprinkling,The cooing bacon searches seaplane.,2023-04-21
Todd,Klein,Todd.Klein@gmail.com,Cabbages,Grevena,511 00,40.10771007295979,21.41382920188915,Other,The acoustic dromedary shades scent.,2021-03-06
Nathaniel,White,Nathaniel.White@gmail.com,Peas ,Mantinia,220 05,37.6165132045188,22.384159084709285,Hail,The shaky concert sends alpaca.,2022-07-29
Deborah,Hill,Deborah.Hill@gmail.com,Cauli Flowers,Tegea,220 12,37.45503319463273,22.4193562340771,Bacterium,The sweet configuration gazes irony.,2021-02-27
Samuel,May,Samuel.May@gmail.com,Cherries,Chios,821 00,38.36682612947608,26.07357077399551,Bacterium,The filthy latency overdraws cheque.,2022-02-02
Ashley,Rodriguez,Ashley.Rodriguez@gmail.com,Aubergines,Ikaria,833 00,37.58961068473517,26.147039270550426,Rain,The flipped-out myth zooms buckwheat.,2021-03-04
Eric,Mcdonald,Eric.Mcdonald@gmail.com,French beans,Larisa,415 00,39.63017613682956,22.444708945998894,Rain,The historical calico crushes pub.,2022-03-03
Anthony,Leon,Anthony.Leon@gmail.com,Brocollis,Volos,382 00,39.364387122070035,22.94834536762765,Hail,The boring plain fights judge.,2023-02-06
Antonio,Torres,Antonio.Torres@gmail.com,Spinach,Karditsa,431 00,39.36530100924329,21.91760996305532,Disease,The voiceless stitch dusts lobster.,2023-10-24
Tanya,Eaton,Tanya.Eaton@gmail.com,Hazelnuts,Thira,847 00,36.42184435682835,25.431268915395393,Pruning,The open alert irritates arrest.,2023-12-26
Justin,Wiggins,Justin.Wiggins@gmail.com,Garlics,Karpenisi,361 00,38.885746682697814,21.775750995823323,Disease,The nutty herring introduces capitulation.,2021-07-08
Paul,Cole,Paul.Cole@gmail.com,Almonds,Amorgos,840 08,36.87228701899494,25.9400482303577,Other,The blue-eyed herb commands fingernail.,2023-06-03
Dan,Moody,Dan.Moody@gmail.com,Mandarins,Edessa,582 00,40.810088473119414,22.0381790604984,Hail,The wiry answer explains effect.,2021-04-30
Kevin,Davis,Kevin.Davis@gmail.com,Lemons,Pyrgos,271 00,37.67233571019897,21.4417812436724,Drought,The oafish clinic understands collector.,2023-02-02
Lori,Roman,Lori.Roman@gmail.com,Sour cherries,Drama,661 00,41.146698124704564,24.17762195688271,Drought,The heartbreaking buying overcomes fibre.,2021-08-22
Tanner,Benson,Tanner.Benson@gmail.com,Watermellons,Hydra,180 40,37.33835885998821,23.47093783198969,Freeze,The creepy minimalism frightens nutrition.,2022-02-23
Wesley,Reyes,Wesley.Reyes@gmail.com,Figs,Lefkada,311 00,38.708115485301256,20.68488440821939,Bacterium,The noiseless anyone overflows beverage.,2023-07-23
Andrew,Houston,Andrew.Houston@gmail.com,Spinach,Naxos,843 00,37.07653293413093,25.392318952559446,Damaging winds,The cooing bijou flowers teammate.,2023-11-27
Zachary,Lane,Zachary.Lane@gmail.com,Grapes,Nemea,205 00,37.82186178275198,22.659589977879943,Pruning,The itchy parachute exhibits muscat.,2023-09-21
Grant,Ramos,Grant.Ramos@gmail.com,Beets,Kamari,220 12,37.440022774340186,22.41081439076418,Drought,The telling combination monitors brisket.,2021-05-02
Kyle,Peters,Kyle.Peters@gmail.com,Mandarins,Katerini,601 00,40.280679303538605,22.484270127719522,Other,The uneven employment guesses push.,2022-07-08
Cindy,Fuentes,Cindy.Fuentes@gmail.com,Artichokes,Drama,661 00,41.146698124704564,24.17762195688271,Hail,The clean hive numbers beating.,2021-08-06
Joshua,Lee,Joshua.Lee@gmail.com,Fresh onions,Drama,661 00,41.146698124704564,24.17762195688271,Disease,The elfin draw uses equity.,2021-05-23
Thomas,Parker,Thomas.Parker@gmail.com,Cherries,Lefkada,311 00,38.708115485301256,20.68488440821939,Flooding,The likeable egg remembers mosquito.,2022-12-02
Christopher,Garner,Christopher.Garner@gmail.com,Asparagus,Kapsia,221 00,37.61498633024228,22.345507626016772,Freeze,The absorbed starter annoys diving.,2021-03-22
Jeffrey,Ray,Jeffrey.Ray@gmail.com,Chestnuts,Agios Nikolaos,721 00,35.191061174269656,25.714531201542446,Pruning,The jealous peer-to-peer looks professional.,2022-06-23
James,Wilson,James.Wilson@gmail.com,Onions,Chios,821 00,38.36682612947608,26.07357077399551,Pruning,The typical back activates blinker.,2023-01-18
Kevin,Thomas,Kevin.Thomas@gmail.com,Onions,Aegina,180 10,37.72887939171568,23.485510080270156,Bacterium,The clumsy downstairs cuts submarine.,2023-10-29
Steven,Sparks,Steven.Sparks@gmail.com,Aubergines,Edessa,582 00,40.810088473119414,22.0381790604984,Rain,The young hacienda helps voice.,2022-08-09
Patrick,Huff,Patrick.Huff@gmail.com,Melons,Kilkis,611 00,40.98302824917359,22.868122839504526,Flooding,The frail article teases patrimony.,2022-07-16
Daniel,Blankenship,Daniel.Blankenship@gmail.com,Cucumbers,Simi,856 00,36.616320076923415,27.834090209833906,Drought,The outstanding quiver surprises hatchling.,2023-10-18
Jonathan,Jones,Jonathan.Jones@gmail.com,Chicories,Thasos,640 04,40.72378485524346,24.612732807567166,Sprinkling,The craven hormone trains hawk.,2021-07-03
Johnny,Hancock,Johnny.Hancock@gmail.com,Avocados,Edessa,582 00,40.810088473119414,22.0381790604984,Sprinkling,The square mop formulates removal.,2021-10-28
Harold,Herrera,Harold.Herrera@gmail.com,Cabbages,Zante,291 00,37.79754261942515,20.86994792628817,Rain,The reminiscent limit shrinks weasel.,2022-06-29
Greg,Gibson,Greg.Gibson@gmail.com,Almonds,Arta,471 00,39.14583327357357,20.995460986354168,Hail,The frightened floor springs publicity.,2023-12-05
Justin,Nguyen,Justin.Nguyen@gmail.com,Apples,Kasos,858 00,35.414022617414936,26.928894255224673,Pruning,The fascinated form bangs vertigo.,2022-11-16
David,Bauer,David.Bauer@gmail.com,Avocados,Other,Other,Other,Other,Other,The panoramic tick pretends bandanna.,2021-05-13
Jeffrey,Andrews,Jeffrey.Andrews@gmail.com,Fresh onions,Lamia,351 00,38.89854435830873,22.421828692123736,Pruning,The witty gerbil suffers carpenter.,2022-07-04
Jesse,Walsh,Jesse.Walsh@gmail.com,Peppers,Sparta,231 00,37.073568044229425,22.427920342313236,Drought,The inquisitive clasp crushes hotel.,2021-12-04
Elizabeth,Andersen,Elizabeth.Andersen@gmail.com,Watermellons,Karpenisi,361 00,38.885746682697814,21.775750995823323,Pruning,The deep classroom helps catalyst.,2021-09-26
Nicholas,Lee,Nicholas.Lee@gmail.com,Fresh onions,Amfissa,331 00,38.528823329320176,22.37756652912503,Damaging winds,The tawdry drain heaps technology.,2021-10-04
Christopher,Stafford,Christopher.Stafford@gmail.com,Asparagus,Rhodes,851 00,36.44842836419851,28.22227939163934,Disease,The righteous slave clears vault.,2021-05-19
Sean,Trujillo,Sean.Trujillo@gmail.com,Other,Kastoria,521 00,40.54406711129824,21.2549827978987,Damaging winds,The sharp humidity perfects creation.,2021-08-17
Paul,Avila,Paul.Avila@gmail.com,Almonds,Milos,848 00,36.74535559207423,24.429736203229236,Flooding,The known therapist wends ape.,2021-03-18
Dawn,Kent,Dawn.Kent@gmail.com,Apricots,Mantinia,220 05,37.6165132045188,22.384159084709285,Freeze,The hollow mission empties zampone.,2022-12-01
Destiny,Elliott,Destiny.Elliott@gmail.com,Melons,Spetses,180 50,37.26277249360422,23.13038748006553,Hail,The cultured climb dispenses shoes.,2022-07-02
Chad,Hughes,Chad.Hughes@gmail.com,Hazelnuts,Corfu,491 00,39.62044087432396,19.879267794625388,Damaging winds,The troubled data flowers probability.,2022-10-21
Pamela,Roy,Pamela.Roy@gmail.com,Cherries,Amfissa,331 00,38.528823329320176,22.37756652912503,Drought,The innocent texture sets hammer.,2021-04-11
Melissa,Daniels,Melissa.Daniels@gmail.com,Lettuces,Volos,382 00,39.364387122070035,22.94834536762765,Flooding,The wonderful aggression hopes racist.,2023-06-21
Kathleen,Griffin,Kathleen.Griffin@gmail.com,Walnuts,Mantinia,220 05,37.6165132045188,22.384159084709285,Hail,The ultra basketball establishes timer.,2023-05-08
Vincent,Diaz,Vincent.Diaz@gmail.com,Hazelnuts,Agios Nikolaos,721 00,35.191061174269656,25.714531201542446,Freeze,The jittery trap arranges kennel.,2021-12-15
Andrew,Vincent,Andrew.Vincent@gmail.com,Hazelnuts,Karpathos,857 00,35.49656632993895,27.173005816172893,Other,The unable support withholds honey.,2023-12-27
Monica,Reed,Monica.Reed@gmail.com,Apples,Larisa,415 00,39.63017613682956,22.444708945998894,Flooding,The ancient examination finds modeling.,2022-10-07
Zachary,Evans,Zachary.Evans@gmail.com,Artichokes,Kos,853 00,36.89250592706009,27.285493581604076,Bacterium,The belligerent dust storm connects burn-out.,2022-05-23
Ryan,Scott,Ryan.Scott@gmail.com,Apricots,Zeugolatio,200 01,37.938205,22.800683,Flooding,The tense mouth induces sneeze.,2022-10-30
Jorge,Nelson,Jorge.Nelson@gmail.com,Hazelnuts,Samos,831 00,37.76005902152866,26.909739987900434,Bacterium,The bashful ringworm critiques rotation.,2022-04-07
Maria,Garcia,Maria.Garcia@gmail.com,Strawberries,Pyrgos,271 00,37.67233571019897,21.4417812436724,Flooding,The axiomatic quality places downgrade.,2022-02-12
Cody,Murphy,Cody.Murphy@gmail.com,Cherries,Larisa,415 00,39.63017613682956,22.444708945998894,Hail,The wacky cliff preserves gutter.,2023-05-26
Carol,Hayes,Carol.Hayes@gmail.com,Spinach,Lefkada,311 00,38.708115485301256,20.68488440821939,Pruning,The smooth update hides beech.,2021-08-01
Luis,Miller,Luis.Miller@gmail.com,Carrots,Korinthos,201 0037.93703065732604,22.92739337226209,,Rain,The unequaled enforcement sparks taxpayer.,2022-04-01
Debra,Clark,Debra.Clark@gmail.com,Onions,Alexandroupoli,681 00,40.857439388892736,25.888462204185355,Other,The stereotyped surfboard causes plagiarism.,2023-02-28
Eric,Barrett,Eric.Barrett@gmail.com,Kiwi fruits,Naxos,843 00,37.07653293413093,25.392318952559446,Hail,The abstracted chowder educates volunteering.,2022-11-09
David,Stephens,David.Stephens@gmail.com,Asparagus,Mantinia,220 05,37.6165132045188,22.384159084709285,Freeze,The vulgar spawn coughs cross-stitch.,2021-01-16
